{"cs1": [0.7600000000000003, 0.8400000000000004, 0.8000000000000004, 0.8400000000000004, 0.7800000000000004, 0.8200000000000004, 0.8800000000000004, 0.8000000000000004, 0.6600000000000003, 0.8400000000000004], "cs2": [0.7400000000000003, 0.8400000000000004, 0.7400000000000003, 0.7400000000000003, 0.7400000000000003, 0.6800000000000003, 0.8200000000000004, 0.7400000000000003, 0.7600000000000003, 0.6000000000000002], "cs3": [0.8800000000000004, 0.7000000000000003, 0.7000000000000003, 0.8200000000000004, 0.7200000000000003, 0.7400000000000003, 0.7400000000000003, 0.7800000000000004, 0.7200000000000003, 0.9000000000000005], "de1": [0.36000000000000004, 0.27999999999999997, 0.4200000000000001, 0.4200000000000001, 0.5000000000000001, 0.36000000000000004, 0.38000000000000006, 0.4200000000000001, 0.4200000000000001, 0.38000000000000006], "de2": [0.48000000000000015, 0.6600000000000003, 0.5000000000000001, 0.5200000000000001, 0.5000000000000001, 0.5400000000000001, 0.6000000000000002, 0.4400000000000001, 0.5200000000000001, 0.5200000000000001], "en1": [0.6600000000000003, 0.6600000000000003, 0.7000000000000003, 0.5600000000000002, 0.5800000000000002, 0.5400000000000001, 0.6600000000000003, 0.6200000000000002, 0.6400000000000002, 0.6600000000000003], "es1": [0.8600000000000004, 0.9600000000000005, 0.9400000000000005, 0.8400000000000004, 0.8400000000000004, 0.8400000000000004, 0.8600000000000004, 0.8600000000000004, 0.8800000000000004, 0.8400000000000004], "es2": [0.5600000000000002, 0.6000000000000002, 0.5200000000000001, 0.6400000000000002, 0.7000000000000003, 0.6000000000000002, 0.6600000000000003, 0.6400000000000002, 0.48000000000000015, 0.7200000000000003], "es3": [0.7200000000000003, 0.7800000000000004, 0.6600000000000003, 0.6600000000000003, 0.7200000000000003, 0.7400000000000003, 0.5800000000000002, 0.7200000000000003, 0.7000000000000003, 0.6800000000000003], "it1": [0.8800000000000004, 0.8000000000000004, 0.9200000000000005, 0.9000000000000005, 0.8600000000000004, 0.9000000000000005, 0.8400000000000004, 0.8200000000000004, 0.8200000000000004, 0.8600000000000004], "ru1": [0.46000000000000013, 0.5400000000000001, 0.5800000000000002, 0.34, 0.5600000000000002, 0.4400000000000001, 0.4200000000000001, 0.5800000000000002, 0.5200000000000001, 0.36000000000000004]}